{
    "V": [
        1,
        2,
        3,
        4,
        5,
        6,
        7,
        8,
        0,
        9,
        10,
        11,
        12,
        13
    ],
    "p": {
        "(0, 1)": 2651.387,
        "(1, 10)": 227.106,
        "(10, 11)": 280.281,
        "(11, 12)": 246.191,
        "(12, 7)": 151.519,
        "(7, 6)": 227.108,
        "(6, 3)": 185.961,
        "(3, 13)": 127.718,
        "(13, 4)": 117.899,
        "(4, 8)": 99.153,
        "(8, 2)": 144.156,
        "(2, 9)": 220.267,
        "(9, 5)": 250.636
    },
    "Ordre": [
        0,
        1,
        10,
        11,
        12,
        7,
        6,
        3,
        13,
        4,
        8,
        2,
        9,
        5
    ],
    "deliveryTime": [
        0.0,
        2651.3870000000024,
        2878.493000000002,
        3158.774000000005,
        3404.965000000004,
        3556.484000000004,
        3783.592000000004,
        3969.553000000007,
        4097.271000000008,
        4215.170000000013,
        4314.323000000011,
        4458.479000000014,
        6504.130249999989,
        12277.967437499996
    ]
}